﻿Designator,Quantity,Value,Footprint,Package,MPN,DNP,Mount_Type,Description
A1,1,RaspberryPi_Pico,RaspberryPi_Pico_Common_Unspecified,,,,tht,"Versatile and inexpensive microcontroller module powered by RP2040 dual-core Arm Cortex-M0+ processor up to 133 MHz, 264kB SRAM, 2MB QSPI flash; also supports Raspberry Pi Pico 2"
"D0, D1, D2, D3, D4, D5, D6, D7, D8, D9",10,LED_RKGB,LED_D5.0mm-4_RGB,,,,tht,"RGB LED, red/cathode/green/blue"
"R0, R1, R2, R4, R5, R6, R7, R8, R9",9,560Ohm,R_2512_6332Metric,,,,smt,"Resistor, small symbol"
R3,1,R_Small,R_2512_6332Metric,,,,smt,"Resistor, small symbol"
SW1,1,MODE_SELECT,SW_PUSH_6mm_H4.3mm,,,,tht,"Push button switch, generic, two pins"
SW2,1,SWITCH,SW_Slide_SPDT_Straight_CK_OS102011MS2Q,,,,tht,"Push button switch, generic, two pins"
