﻿pos_x,pos_y,rotation,side,designator,mpn,pack,footprint,value,mount_type
133.0,-48.2875,180.0,bottom,A1,,,RaspberryPi_Pico_Common_Unspecified,RaspberryPi_Pico,tht
96.0,-34.0,0.0,top,D0,,,LED_D5.0mm-4_RGB,LED_RKGB,tht
103.095,-28.0,0.0,top,D1,,,LED_D5.0mm-4_RGB,LED_RKGB,tht
110.0,-34.0,0.0,top,D2,,,LED_D5.0mm-4_RGB,LED_RKGB,tht
109.095,-44.0,0.0,top,D3,,,LED_D5.0mm-4_RGB,LED_RKGB,tht
103.095,-54.0,0.0,top,D4,,,LED_D5.0mm-4_RGB,LED_RKGB,tht
96.095,-63.0,0.0,top,D5,,,LED_D5.0mm-4_RGB,LED_RKGB,tht
89.095,-54.0,0.0,top,D6,,,LED_D5.0mm-4_RGB,LED_RKGB,tht
83.0,-44.0,0.0,top,D7,,,LED_D5.0mm-4_RGB,LED_RKGB,tht
82.0,-34.0,0.0,top,D8,,,LED_D5.0mm-4_RGB,LED_RKGB,tht
89.0,-28.0,0.0,top,D9,,,LED_D5.0mm-4_RGB,LED_RKGB,tht
96.5,-41.5,-90.0,bottom,R0,,,R_2512_6332Metric,560Ohm,smt
112.25,-26.75,0.0,bottom,R1,,,R_2512_6332Metric,560Ohm,smt
116.25,-42.75,-90.0,bottom,R2,,,R_2512_6332Metric,560Ohm,smt
111.5,-52.5,-90.0,bottom,R3,,,R_2512_6332Metric,R_Small,smt
103.75,-62.25,-90.0,bottom,R4,,,R_2512_6332Metric,560Ohm,smt
96.5,-70.5,-90.0,bottom,R5,,,R_2512_6332Metric,560Ohm,smt
89.5,-61.75,-90.0,bottom,R6,,,R_2512_6332Metric,560Ohm,smt
83.5,-51.25,-90.0,bottom,R7,,,R_2512_6332Metric,560Ohm,smt
89.5,-35.25,-90.0,bottom,R8,,,R_2512_6332Metric,560Ohm,smt
78.75,-37.5,-90.0,bottom,R9,,,R_2512_6332Metric,560Ohm,smt
151.25,-29.0,-90.0,top,SW1,,,SW_PUSH_6mm_H4.3mm,MODE_SELECT,tht
149.0,-45.0,90.0,top,SW2,,,SW_Slide_SPDT_Straight_CK_OS102011MS2Q,SWITCH,tht
