﻿pos_x,pos_y,rotation,side,designator,mpn,pack,footprint,value,mount_type
190.0,-85.87,0.0,top,A1,,,RaspberryPi_Pico_Common_Unspecified,RaspberryPi_Pico,tht
127.46,-80.0,0.0,top,D0,,,LED_D5.0mm-4_RGB,LED_RKGB,tht
137.46,-70.0,0.0,top,D1,,,LED_D5.0mm-4_RGB,LED_RKGB,tht
144.833,-79.5,0.0,top,D2,,,LED_D5.0mm-4_RGB,LED_RKGB,tht
152.46,-70.0,0.0,top,D3,,,LED_D5.0mm-4_RGB,LED_RKGB,tht
162.46,-80.0,0.0,top,D4,,,LED_D5.0mm-4_RGB,LED_RKGB,tht
157.46,-90.0,0.0,top,D5,,,LED_D5.0mm-4_RGB,LED_RKGB,tht
152.46,-100.0,0.0,top,D6,,,LED_D5.0mm-4_RGB,LED_RKGB,tht
144.833,-110.0,0.0,top,D7,,,LED_D5.0mm-4_RGB,LED_RKGB,tht
137.46,-100.0,0.0,top,D8,,,LED_D5.0mm-4_RGB,LED_RKGB,tht
132.46,-90.0,0.0,top,D9,,,LED_D5.0mm-4_RGB,LED_RKGB,tht
204.25,-88.5,0.0,top,SW1,,,SW_PUSH_6mm_H4.3mm,SW_Push,tht
